0001,A1_001,Ellen G. White,Mărturii pentru biserică – vol. 1,612,612,30
0002,A1_002,Ellen G. White,Mărturii pentru biserică – vol. 2,565,565,0
0003,A1_003,Ellen G. White,Mărturii pentru biserică – vol. 3,510,510,0
0004,A1_004,Ellen G. White,Mărturii pentru biserică – vol. 4,574,574,0
0005,A1_005,Ellen G. White,Mărturii pentru biserică – vol. 5,638,638,0
0006,A1_006,Ellen G. White,Mărturii pentru biserică – vol. 6,5,383,0
0007,A1_007,Ellen G. White,Mărturii pentru biserică – vol. 7,5,235,0
0008,A1_008,Ellen G. White,Mărturii pentru biserică – vol. 8,5,267,0
0009,A1_009,Ellen G. White,Mărturii pentru biserică – vol. 9,220,220,0
0010,A1_010,Ellen G. White,Mărturii pentru biserică – vol. 2 mic,5,283,0
0011,A1_011,Ellen G. White,Solii alese - vol 1,32,358,0
0012,A1_012,Ellen G. White,Solii alese - vol 2,5,426,0
0013,A1_013,Ellen G. White,Solii alese - vol 3,5,383,0
0014,A1_014,Ellen G. White,Patriarhi și profeți,383,383,383
0015,A1_015,Ellen G. White,Profeți și regi,510,510,390
0016,A1_016,Ellen G. White,Cel așteptat de veacuri,687,687,80
0017,A1_017,Ellen G. White,Istoria Faptelor Apostolilor,438,438,0
0018,A1_018,Ellen G. White,Marea luptă,536,536,1608
0019,A1_019,Ellen G. White,Viața lui Isus,504,504,0
0020,A1_020,Ellen G. White,Istoria mântuirii,368,368,0
0021,A1_021,Ellen G. White,"Minte, caracter, personalitate - vol. 1",375,375,0
0022,A1_022,Ellen G. White,"Minte, caracter, personalitate - vol. 2",608,608,0
0023,A1_023,Ellen G. White,Educație,270,270,0
0024,A1_024,Ellen G. White,Dietă și hrană,597,597,597
0025,A1_025,Ellen G. White,Căminul adventist,80,510,0
0026,A1_026,Ellen G. White,Familia împlinită,2,192,0
0027,A1_027,Ellen G. White,Credința și faptele,107,107,0
0028,A1_028,Ellen G. White,Evenimentele ultimelor zile,224,224,0
0029,A1_029,Ellen G. White,Materialele 1888 - vol 1,40,208,0
0030,A1_030,Ellen G. White,Materialele 1888 - vol 2,2,204,0
0031,A1_031,Ellen G. White,Materialele 1888 - vol 3,2,192,0
0032,A1_032,Ellen G. White,Materialele 1888 - vol 4,2,186,0
0033,A2_001,Ellen G. White,Calea către Hristos,95,95,200
0034,A2_002,Ellen G. White,Divina vindecare,25,391,0
0035,A2_003,Ellen G. White,Solii pentru tineret,424,424,200
0036,A2_004,Ellen G. White,Evanghelizare,560,560,230
0037,A2_005,Ellen G. White,Experiențe și viziuni,36,236,0
0038,A2_006,Ellen G. White,Parabolele Domnului Hristos,308,308,50
0039,A2_007,Ellen G. White,Adevărul despre îngeri,12,232,0
0040,A2_008,Ellen G. White,Pe urmele Marelui Medic,424,424,0
0041,A2_009,Ellen G. White,"Sfaturi pentru părinți, educatori și elevi",60,480,0
0042,A2_010,Ellen G. White,Înalta noastră chemare,1,370,0
0043,A2_011,Ellen G. White,Nu te teme turmă mică,100,384,0
0044,A2_012,Ellen G. White,Popas peste veacuri,1,384,0
0045,A2_013,Ellen G. White,Comentarii Biblice ale Vechiului Testament,298,298,0
0046,A2_014,Ellen G. White,Schițe din viața mea,1,440,0
0047,A2_015,Ellen G. White,Slujitorii Evangheliei,1,464,0
0048,A2_016,Ellen G. White,Învățături din viața lui Solomon,120,120,0
0049,A2_017,Ellen G. White,Avertizmente prețioase,1,156,0
0050,A2_018,Ellen G. White,Pași spre fericire,1,144,0
0051,A2_019,Ellen G. White,Cugetări de pe Muntele Fericirilor,128,128,128
0052,A2_020,Ellen G. White,Viitorul descifrat,1,103,0
0053,A2_021,Ellen G. White,Nestemate din tezaurul Înțelepciunii Divine,132,132,0
0054,A2_022,Ellen G. White,Sfințirea vieții,40,80,0
0055,A2_023,Ellen G. White,Timpul și lucrarea și Încheierea lucrării,1,72,0
0056,A2_024,Ellen G. White,Timpul și lucrarea,1,24,0
0057,A2_025,Ellen G. White,Lucrarea colportorului,1,112,0
0058,A2_026,Ellen G. White,Ancorați în Adevăr,1,200,0
0059,A2_027,Ellen G. White,Schițe din viața lui Pavel,1,294,0
0060,A2_028,Ellen G. White,Credința prin care trăiesc,1,400,0
0061,A2_029,Ellen G. White,Vocea umană în vorbire și cântare,43,366,0
0062,A2_030,Ellen G. White,Maranata! Domnul vine!,3,380,0
0063,A2_031,"Davi P. Silva, Jorai P. da Cruz",Salvat prin har,72,220,0
0064,A2_032,Alfons Balbach,Istoria Mișcării de Reformă a Adventiștilor de Ziua a Șaptea,688,688,15
0065,A2_033,Comitetul de doctrină al CG AZSMR,Adevăr biblic pentru azi - doctrine biblice fundamentale ale AZSMR,1,188,0
0066,A2_034,Reformation Herald,Calea cea bună,308,308,10
0067,A2_035,A. C. Sas,Adevărata Biserică Rămășiță a lui Dumnezeu,32,32,0
0068,A2_036,Dr. Vernon Sparks,Când a cerut Dumnezeu femeilor să poarte pantaloni?,80,80,0
0069,A2_037,D. Nicolici?,Concordanța Mărturiilor și Cronologia,10,267,0
0070,A2_038,Alfons Balbach,The History of the Seventh Day Adventist Reform Movement,1,664,0
0071,A2_039,Ellen G. White,"Minte, Caracter, Personalitate",1,654,0
0072,A2_040,Herbert E. Douglass,"Mesagerul Domnului, vol. I",460,460,0
0073,A2_041,Herbert E. Douglass,"Mesagerul Domnului, vol. II",514,514,0
0256,A2_042,Ellen G. White,Rugăciunea,8,303,0
0074,A3_001,J.D. Douglas,Dicționar Biblic,5,1580,0
0075,A3_002,VDC,Biblia,1223,1223,11007
0076,A3_003,BOR,Biblia,50,1425,0
0077,A3_004,Louis Segond,La Bible,7,921,0
0078,A3_005,GBV,Biblia,2,1270,0
0079,A3_006,AZSMR,Principiile de credință și organizare ale AZSMR,40,40,120
0080,A3_007,Varadi Iosif,Mireasa lui Hrist în iadul comunist,263,263,0
0081,A3_008,?,Lupta viitoare și cauzele ei,20,20,0
0082,A3_009,AZSMR,Laodiceea și poziția ei față de legea lui Dumnezeu în războiul trecut și în cel de azi. Suferințele fraților în Germania,5,73,0
0083,A3_010,Ellen G. White,Un apel solemn,1,96,0
0084,A3_011,AZSMR,Cine a schimbat vremurile și legea?,1,16,0
0085,A3_012,AZSMR,Vindecarea prin zemuri,1,98,0
0086,A3_013,AZSMR,Adevărul care să fie înțeles de toți oamenii,1,40,0
0087,A3_014,AZSMR,Ce aduce viitorul? Descrierea evenimentelor sfârșitului lumii,1,48,0
0088,A3_015,AZSMR,Adevărata educație,60,60,0
0089,A3_016,AZSMR,"Harul, da! Dar legea?",1,32,0
0090,A3_017,AZSMR,Două organizații adventiste în profeție,52,52,0
0091,A3_018,Virgil Dumitrescu,O zi de odihnă un steag!,79,79,0
0092,A3_019,AZSMR,O zi de neuitat,1,76,0
0093,A3_020,C. Mervyn Maxwell,Măreția unei dezamăgiri - Ce s-a întâmplat de fapt la 1844,175,175,0
0094,A3_021,Jud Lake,Ellen White trece proba focului,26,400,0
0095,A3_022,Gerald Wheeler,James White - inovator și învingător,40,270,0
0096,A3_023,Traian Aldea,Lumina Torei,1,342,0
0097,A3_024,Lewis R. Walton,Omega,232,232,0
0098,A3_025,Alfons Balbach,Să cunoaștem adevărul!,172,172,0
0099,A3_026,William Fagal,101 întrebări despre Ellen White și scrierile ei,1,265,0
0100,A3_027,George R. Knight,Ellen White femeia din spatele profetului,160,160,0
0101,A3_028,Norma J. Collins,Expriențe uimitoare ale pionierilor adventiști vol I,223,223,12
0102,A3_029,Norma J. Collins,Expriențe uimitoare ale pionierilor adventiști vol II,246,246,2
0103,A3_030,George R. Knight,În căutarea identității,204,204,0
0104,A3_031,George R. Knight,Lumea lui Ellen White,30,164,0
0105,A3_032,George R. Knight,Cum să o citim pe Ellen White,150,150,0
0106,A3_033,C. Mervyn Maxwell,Spune lumii!,20,336,0
0107,A3_034,Lucian Cristescu,Galileeanul,158,511,0
0108,A3_035,Colecție de articole,Trinitatea în lumina Revelației,74,374,0
0109,A3_036,Florin Lăiu,Ordinea cerească a comunității de credință,10,103,0
0110,A3_037,Florin Lăiu,Triunitatea Dumnezeirii,120,120,0
0111,A3_038,Ron Clouzet,Duhul Sfânt în lumina Revelației,133,133,133
0112,A3_039,Traian Aldea,Acasă în lumea Bibliei,34,316,0
0113,A3_040,Adevăr pentru viață,Taine din Scripturi,16,254,0
0114,A3_041,Benoni Catană,Biblia ca un puzzle,30,286,0
0115,A3_042,Benone Burtescu,Dialog cu omul - Ziceri - Predica de la ora 11,10,272,0
0116,A3_043,Stanley M. Maxwell,Ziua Celui Mare și alte povestiri despre Sabat,44,165,0
0117,A3_044,Alejandro Bullon,Lumea noastră încotro?,110,110,0
0118,A3_045,AZSMR,Ce se află în spatele Noii Ordini Mondiale?,80,80,0
0119,A3_046,Ariel A. Roth,Origini - Sunt Știința și Scriptura ireconciliabile?,130,412,0
0120,A3_047,AZSMR,Evanghelia în umbră și realitate,1,60,0
0354,A4_001,Ellen G. White,Hristos - neprihănirea noastră - în extrase din EGW Materiale 1888,1,222,0
0355,A4_002,Ellen G. White,Hristos în voi nădejdea slavei,1,192,0
0356,A4_003,Ellen G. White,La porțile veșniciei (devoțional),1,382,0
0357,A4_004,Ellen G. White,Isus nume mai presus de orice nume (devoțional),5,370,0
0358,A4_005,Ellen G. White,Lucrarea pastorală,2,375,0
0359,A4_006,Ellen G. White,Harul uimitor al lui Dumnezeu (devoțional),1,380,0
0360,A4_007,Ellen G. White,Talanții - comori ascunse,1,112,0
0361,A4_008,Ellen G. White,Secretele fericirii și ale sănătății,1,158,0
0362,A4_009,Ellen G. White,Fii și fiice ale lui Dumnezeu (devoțional),1,411,0
0363,A4_010,Ellen G. White,Lucrarea de vindecare,1,365,0
0364,A4_011,William W. Prescott,Isus m-a iubit,12,12,0
0365,A4_012,Alonzo T. Jones,Am vrea să vedem pe Isus,12,12,0
0366,A4_013,William W. Prescott,Adevărul în Hristos,1,124,0
0367,A4_014,Ellet Joseph Waggoner,Hristos și Neprihănirea Sa,110,110,0
0368,A4_015,Alonzo T. Jones,Reforma din perioada secolelor XIV-XVI,1,398,0
0369,A4_016,?,Timpuri profetice,1,205,0
0370,A4_017,?,2017 - 500 de ani după Luther!,1,40,0
0371,A4_018,Arnold Valentin Wallenkampf,Ce trebuie să știe fiecare adventist despre 1888,122,122,0
0372,A4_019,Arnold Valentin Wallenkampf,Ce trebuie să știe fiecare creștin despre îndreptățire,206,206,0
0373,A4_020,Dumitru Popa,Pagini din istoria Bisericii Adventiste de Ziua a Șaptea din România 1921-1936,1,631,0
0374,A4_021,Dumitru Popa,Pagini din istoria Bisericii Adventiste de Ziua a Șaptea din România 1936-1955,1,588,0
0375,A4_022,Wilhelm Moldovan,Manualul doctrinelor biblice A.Z.Ș,1,296,0
0376,A4_023,?,Litera și spiritul legii lui Dumnezeu,8,96,0
0377,A4_024,Zoltan Szallos-Farkas,"Dumnezeu, Scriptura și Biserica",378,378,0
0378,A4_025,Roy Adams,Natura Domnului Hristos,133,133,0
0379,A4_026,Mark Finley,Ziua aproape uitată,84,84,0
0380,A4_027,Ion Copăceanu,Sigiliul lui Dumnezeu sau semnul fiarei,1,95,0
0381,A4_028,Ilie Gheorghișor,Adevărata zi de odihnă,1,144,0
0382,A4_029,Alberto R. Timm,Sabatul în Biblie,1,140,0
0383,A4_030,Clifford Goldstein,Un timp de răgaz,11,140,0
0384,A4_031,Martino Tomasi,"Adevăr și neadevăr despre moarte și înviere, cer și iad",1,72,0
0385,A4_032,Florin Lăiu,Cosmogonia biblică și misterul originilor,110,110,0
0386,A4_033,Arnold Valentin Wallenkampf,Aparenta întârziere - ce rol jucăm în influențarea revenirii lui Isus,158,158,0
0387,A4_034,S. Joseph Kidder,Cele 4 mari secrete ale unei biserici înfloritoare,214,214,0
0388,A4_035,Laurențiu Florentin Moț,Isus ne-a învățat,128,128,0
0389,A4_036,?,1000 de întrebări și răspunsuri biblice,1,117,0
0390,A4_037,?,Introducere la cărțile biblice,1,254,0
0391,A4_038,L. James Gibson,O geneză sigură într-o lume nesigură,1,150,0
0392,A4_039,Benone Corneliu Lupu,Perspectivă din Abis,150,150,0
0393,A4_040,"Eugene H. Peterson, Florin Lăiu, Florin Bică",Confesiunea înțeleptului,132,132,132
0394,A4_041,Seth J. Pierce,Profețiile din Daniel pentru adolescenți,16,234,0
0395,A4_042,Timothy Joseph Golden,Ieremia profetul crizei,10,187,0
0396,A4_043,George R. Knight,Comentariu la Galateni,1,190,0
0397,A4_044,George R. Knight,Comentariu la Efeseni,1,200,0
0398,A4_045,George R. Knight,Comentariu la Romani,1,416,0
0399,A4_046,Ellet Joseph Waggoner,Evanghelia lui Isus Hristos în epistola lui Pavel către Romani,1,250,0
0400,A4_047,Karl Haffner,Leac pentru oboseala sufletului,144,144,0
0401,A4_048,Roger Hernandez,Oricine este bine-venit,1,152,0
0402,A4_049,"Florin Bică, Alexandru-Filip Popovici",Frumusețea ascunsă la vedere,110,110,0
0403,A4_050,Lourdes E. Morales-Gudmundsson,"Te iert, dar...",174,174,0
0404,A4_051,Nathan Brown,De ce mă lupt să am credință,142,142,0
0405,A4_052,Taylor G. Bunch,Paradoxurile Bibliei,1,144,0
0406,A4_053,Georgel Pîrlitu,Privind prin ochii lui Dumnezeu,1,229,0
0407,A4_054,Mike Jones,Uneori nu-mi vine să mă rog!,1,206,0
0408,A4_055,Clifford Goldstein,Rațiuni ale inimii,1,216,0
0409,A4_056,Angel Manuel Rodriguez,Bijuteriile în Biblie,10,150,0
0543,A5_001,Ellen G. White,Scrisori către tinerii îndrăgostiți,92,92,0
0544,A5_002,Dr. Emerson Eggerichs,Dragoste și respect,60,312,0
0545,A5_003,David DeWitt,Cartea bărbatului matur - Cum să devii un bărbat de impact,87,278,0
0546,A5_004,"Emanuela-Narcisa Răileanu, Dr. Valerian Răileanu",Alege înțelept! - O carte pentru vitorul familiei tale,344,344,0
0547,A5_005,Dr. Kay Kuzma,Prietenie cu intenții serioase - discuții deschise cu tinerii necăsătoriți,30,240,0
0548,A5_006,Nancy L.Van Pelt,Secretele comunicării,300,300,0
0549,A5_007,Kay Kuzma,Înțelege-ți copilul,1,136,0
0550,A5_008,A. C. Sas,Poartă către un cămin fericit,108,108,40
0551,A5_009,John F. MacArthur,Familia împlinită,1,80,0
0552,A5_010,John Coblentz,Trăirea unei vieți curate,22,174,0
0553,A5_011,Rob Green,În curând căsătoriți,80,180,0
0554,A5_012,Eric & Leslie Ludy,Când povestea de dragoste ți-o scrie Dumnezeu,50,244,0
0555,A5_013,Eric & Leslie Ludy,Când visele se împlinesc,1,206,0
0556,A5_014,Nancy L.Van Pelt,Secretele curteniei,316,316,0
0557,A5_015,"Dr. Jean Staneschi, Stephan F. Olford, Frank A. Lawes, Bob Mumford",Pentru creștini - Sfaturi biblice pentru tineri și căsătoriți,82,200,0
0558,A5_016,Gary Chapman,Cele 5 limbaje ale iubirii - pentru bărbați,208,208,0
0559,A5_017,Kay Kuzma,Ascultarea de bunăvoie,1,260,0
0560,A5_018,Gordon MacDonald,Un tată eficace,1,192,0
0561,A5_019,George Uba,Pune și... sare! - Pentru o căsnicie cu gust,1,190,0
0562,A5_020,Nancy L.Van Pelt,Iubește inteligent! Ghidul adolescentului îndrăgostit,1,208,0
0563,A5_021,Gabor Mihalec,"Jocuri interzise - Cum să clădiți o relație bazată pe loialitate, care să vă aducă împlinire",1,230,0
0564,A5_022,George Uba,„Prostia” dragostei,18,144,0
0565,A5_023,Kay D. Rizzo,Someone to love me,1,94,0
0566,A5_024,Nancy L.Van Pelt,Secretele părintelui deplin,1,272,0
0567,A5_025,George Uba,"Sărut mâna, doamnă!",1,336,0
0568,A5_026,George Uba,Graffiti pe inimă - Când tinerii caută „iubirea la fix”,1,142,0
0569,A5_027,George Uba,Și ce dacă!,1,220,0
0570,A5_028,Dr. Julian Melgosa,Descoperă-ți valoarea!,190,190,0
0571,A5_029,Viorel Dascălu,Caut... ajutor pentru o viață!,1,230,0
0572,A5_030,Bill Hybels,Cine ești când nu te vede nimeni,1,118,0
0573,A5_031,Erwin W. Lutzer,Cum să ajungi să spui Nu - Cum să pui capăt unui obicei îndărătnic,66,200,0
0574,A5_032,Virgiliu Gheorghe,Efectele televiziunii asupra minții umane - și despre creșterea copiilor în ziua de azi,1,464,0
0575,A5_033,"Virgiliu Gheorghe, Nicoleta Criveanu, Andrei Drăgulinescu",Efectele micului ecran asupra minții copilului,128,128,0
0576,A5_034,Ken Sande,Creștinul împăciuitor - un ghid biblic pentru rezolvarea conflictelor personale,1,300,0
0577,A5_035,Deborah Smith Pegues,30 de zile pentru îmblânzirea limbii,142,142,0
0578,A5_036,Deborah Smith Pegues,30 de zile pentru reducerea stresului,32,118,0
0579,A5_037,Deborah Smith Pegues,Confruntă fără să ofensezi - pași pozitivi și constructivi pentru rezolvarea conflictelor,68,188,0
0580,A5_038,Debra Fine,Arta de a-ți cultiva noi relații,40,150,0
0581,A5_039,Rolf Dobelli,Arta de a trăi fără știri!,185,185,0
0582,A5_040,Thorsten Havener,Nu dezvăluiți niciodată secretul,200,200,0
0583,A5_041,"Susan Cain, Gregory Mone, Erica Moroz",Puterea tăcută - forța secretă a introvertiților,290,290,0
0584,A5_042,Daniel Goleman,Inteligența emoțională,268,535,0
0585,A5_043,Daniel Goleman,Focus - motivația ascunsă a performanței,26,320,0
0586,A5_044,Stephen R. Covey,A treia cale - cum să rezolvăm cele mai dificile probleme ale vieții,30,374,0
0587,A5_045,Călin,Codul bunelor maniere pentru toate vârstele,112,112,0
0588,A5_046,"Jim Stovall, Ray H. Hull",Arta comunicării - Avantajul tău competitiv,160,160,0
0589,A5_047,John C. Maxwell,Fii sociabil - Conducere eficientă prin relații eficiente,1,170,0
0590,A5_048,Mirela Schmoll,Bunele maniere sau Cum să ne simțim bine între oameni,1,142,0
0591,A5_049,Paul Arden,"Whatever you think, think the opposite.",144,144,0
0592,A5_050,Martin Buber,Eu și tu,165,165,0
0593,A6_001,Jerry D. Thomas,Cine a fost Ellen White - o incursiune în viața lui Ellen White,80,80,0
0594,A6_002,Stephanus Edition,El a trăit printre noi,1,128,0
0595,A6_003,"Pierre Thivollier, Noel Gloesener",Învățăturile lui Isus,1,144,0
0596,A6_004,Anne de Vries,Biblia povestită copiilor,10,234,0
0597,A6_005,Colecție,Biblia pentru copii,10,542,0
0598,A6_006,Kenneth N. Taylor,Noul Testament cu ilustrații pentru ochișori micuți,10,150,0
0599,A6_007,David C. Cook Publishing,Noul Testament în imagini,50,255,0
0600,A6_008,"Iva Hoth, Andre Le Blanc",Isus și începutul bisericii,50,242,0
0601,A6_009,Kenneth N. Taylor,Biblia cu ilustrații pentru ochișori micuți,50,190,0
0602,A6_010,V. Gilbert Beers,Biblia mea cu ilustrații de citit și spus și altora,50,192,0
0603,A6_011,Kenneth N. Taylor,Prima Mea Biblie cu ilustrații,1,150,0
0604,A6_012,"Penny Frank, Tony Morris",Biblia pentru copii vol 2 - Țara promisă,1,225,0
0605,A6_013,"Penny Frank, Tony Morris",Biblia pentru copii vol 3 - Împărații și proorocii Israelului,1,225,0
0606,A6_014,"Anne de Graaf, Jose Perez Montero",The Children's Bible,1,400,0
0607,A6_015,"Mary Batchelor, John Haysom",The Children's Bible,1,420,0
0608,A6_016,Evert Kuijt,Stephanus Kinderbibel,1,328,0
0609,A6_017,"Evert Kuijt, Reint de Jonge",Vino și vezi - Biblie Stephanus,1,330,0
0610,A6_018,"Sorin Berchez, Jose Perez Montero",Biblia ilustrată pentru copii,1,400,0
0611,A6_019,"Rhona Davies, Maria Cristina Lo Cascio",Biblia clasică pentru copii,1,142,0
0612,A6_020,Eleonore Beck,Dumnezeu vorbește copiilor Săi - Texte din Biblie,1,96,0
0613,A6_021,Florin Bică,Fineas și dinozaurii,32,32,0
0614,A6_022,Warmolt Houwing,Cine este acest om numit Isus - El a trăit printre noi,1,113,0
0615,A6_023,"Bradley Booth, Ileana Surducan",Lasă poporul Meu să plece!,10,180,0
0616,A6_024,"Bradley Booth, Ileana Surducan",Prin Marea Roșie și deșert,1,222,0
0617,A6_025,Matt Koceich,Cine a fost Iona?,80,80,0
0618,A6_026,Carine Mackenzie,Simon Petru - Ucenicul,1,40,0
0619,A6_027,Carine Mackenzie,Petru - Pescarul,1,40,0
0620,A6_028,Carine Mackenzie,Petru - Apostolul,1,40,0
0621,A6_029,Traian Aldea,Mielul Alb,22,165,0
0622,A6_030,Colecție,Enciclopedia Jocurilor Biblice pentru lucrarea cu copiii,1,270,0
0623,A6_031,"Camelia Puțureanu, Ghiță Bizău","Doamne, aș vrea...",104,104,0
0624,A6_032,"Adriana Precup, Ghiță Bizău",Minunile lui Isus,76,76,0
0625,A6_033,"Daniela Picu, Ghiță Bizău",Călătorie spre lumea literelor,55,55,0
0626,A6_034,Lacrima Andreica,Dino-Rino și amicii săi,5,76,0
0627,A6_035,Lewis Wallace,Ben-Hur - O istorisire despre Cristos,1,608,0
0628,A6_036,Eric Wilson,Încercarea focului - niciodată să nu-ți părăsești partenerul,1,256,0
0629,A6_037,Litera,Biblia Ilustrată pentru copii,1,610,0
0121,B1_001,Alonzo T. Jones,Aceasta este biserica,98,98,0
0122,B1_002,Alonzo T. Jones,Calea consacrată spre desăvârșirea creștină,132,132,132
0123,B1_003,Alonzo T. Jones,Legea Duminicală Națională,172,172,0
0124,B1_004,Alonzo T. Jones,Împărăția Cerurilor,122,122,0
0125,B1_005,Alonzo T. Jones,Solia Îngerului al Treilea 1895,302,302,0
0126,B1_006,Alonzo T. Jones,Știința mântuirii în Solia Îngerului al Treilea 1897,173,173,0
0127,B1_007,Alonzo T. Jones,Evanghelia veșnică în Epistola către Galateni,16,232,0
0128,B1_008,Alonzo T. Jones,Locul Bibliei în Educație,10,228,0
0129,B1_009,Alonzo T. Jones,Ce înseamnă Patriotismul în Statele Unite? Libertatea religioasă,60,60,0
0130,B1_010,"Alonzo T. Jones, Ellet Joseph Waggoner",Articole și predici - Lecții despre credință,178,178,0
0131,B1_011,Ellet Joseph Waggoner,Legământul cel veșnic - făgăduința lui Dumnezeu pentru Avraam și lume,1,350,0
0132,B1_012,Ellet Joseph Waggoner,Evanghelia în creațiune,100,100,100
0133,B1_013,Ellet Joseph Waggoner,Waggoner despre Evanghelia lui Ioan,18,168,0
0134,B1_014,Ellet Joseph Waggoner,Epistola către Galateni comentată,1,176,0
0135,B1_015,Ellet Joseph Waggoner,Waggoner despre Romani - Evanghelia în marea epistolă a lui Pavel,1,272,0
0136,B1_016,Ellet Joseph Waggoner,Comori din Isaia,30,408,0
0137,B1_017,Arnold Valentin Wallenkampf,Ce trebuie să știe fiecare adventist despre 1888,122,122,0
0138,B1_018,Robert J. Wieland,Solia 1888 - O introducere,158,158,0
0139,B1_019,Robert J. Wieland,Vindecarea căsătoriei,19,48,0
0140,B1_020,Robert J. Wieland,Puterea veștilor bune,160,160,0
0141,B1_021,Robert J. Wieland,Pocăința colectivă,148,148,0
0142,B1_022,Owen Russell Loomis Crosier,Legea lui Moise,56,56,56
0143,B1_023,Uriah Smith,Explicația cărții lui Daniel,303,303,303
0144,B1_024,Uriah Smith,Explicația cărții Apocalipsa,404,404,0
0145,B1_025,Dumitru Popa,"Apocalipsa lui Ioan, apostolul vol I",72,304,0
0146,B1_026,Dumitru Popa,"Apocalipsa lui Ioan, apostolul vol II",1,412,0
0147,B1_027,Dumitru Popa,"Apocalipsa lui Ioan, apostolul vol III",1,328,0
0148,B1_028,Dumitru Popa,Daniel vol I,264,264,0
0149,B1_029,Dumitru Popa,Daniel vol II,1,512,0
0150,B1_030,Dumitru Popa,Pitcairn,198,198,0
0151,B1_031,Roy Allan Anderson,Desfășurând cartea Apocalipsei,1,250,0
0152,B1_032,John Norton Loughborough,Marea Mișcare Adventă - Apariția și dezvoltarea ei - vol. II,315,315,0
0153,B1_033,Donald K. Short,Asemenea fraților Săi,140,140,0
0154,B1_034,Raoul Dederen,Teologia - baza biblică a credinței adventiste,1,320,0
0155,B1_035,Angel Manuel Rodriguez,"Mesajul, misiunea și unitatea bisericii",1,516,0
0156,B1_036,Gerhard Pfandl,Interpretarea Scripturii,1,502,0
0157,B1_037,"Ekkehardt Mueller, Elias Brasil de Souza",Căsătoria - Aspecte biblice și teologice,1,308,0
0158,B1_038,Angel Manuel Rodriguez,Introducere în teologia rămășiței,1,266,0
0159,B1_039,Marvin Moore,Închiderea harului,10,270,0
0160,B1_040,Gerald A. Klingbeil,Repere biblice 28 de modalități de exprimare a credinței,158,158,0
0161,B1_041,Ron Clouzet,Cea mai mare nevoie a adventismului - Revărsarea Duhului Sfânt,272,272,60
0162,B1_042,Ron Duffield,Întoarcerea ploii târzii - o analiză a istoriei adventiste de ziua a șaptea de la 1844 până la 1891,30,504,0
0163,B1_043,Dave Fiedler,D'sozo Reversarea celui mai mare rău,22,334,0
0164,B1_044,Editura Societății Creștine de Binefacere,Solia Martorului credincios și Ploaia târzie,206,206,0
0165,B1_045,Ted N. C. Wilson,Aproape Acasă - un apel la redeșteptare și reformă,64,160,0
0166,B1_046,Robert Folkenberg,Noi credem încă...,160,160,0
0167,B2_001,SDA Archive,The Christian Experience of William E. Foy,10,10,0
0168,B2_002,Alonzo T. Jones,Marile națiuni de astăzi,176,176,0
0169,B2_003,Francis D. Nichol,"Iată, El vine",208,208,0
0170,B2_004,Loron Wade,Legea cerului pentru pământeni,1,106,0
0171,B2_005,AZS,Manualul prezbiterului,1,164,0
0172,B2_006,Semnele Timpului,50 momente cruciale prin care creștinismul a schimbat istoria lumii,128,128,0
0173,B2_007,H. M. S. Richards,Paște oile Mele!,36,391,0
0174,B2_008,Stephen Bohr,Închinare la tronul Satanei,54,222,0
0175,B2_009,Lucian Cristescu,Drumul meu spre Hristos,128,128,0
0176,B2_010,Lucian Cristescu,Între viață și moarte - Marea luptă neștiută,165,165,0
0177,B2_011,Margaret Davis,Ce să fac ca să moștenesc viața veșnică?,13,320,0
0178,B2_012,Morris Venden,Asemenea lui Isus,134,134,0
0179,B2_013,Alejandro Bullon,"Isus este totul, prietene!",125,125,0
0180,B2_014,Mark Witas,"Doar Isus Hristos, Cel care a fost răstignit",175,175,0
0181,B2_015,Aurel Pălășan,Solia parabolelor Domnului Hristos,85,254,0
0182,B2_016,Lucian Cristescu,Isus despre sfârșitul lumii,127,127,0
0183,B2_017,Negoschanu Stelian,"Vino, Doamne Isuse",1,343,0
0184,B2_018,Mark Finley,10 zile în camera de sus,28,138,0
0185,B2_019,"Humberto M. Rasi, Nancy J. Vyhmeister",Ce credem despre... răspunsuri avizate la întrebări controversate,10,176,0
0186,B2_020,Traian Aldea,Porțile și ferestrele adventismului,10,192,0
0187,B2_021,Jon Paulien,Evanghelia veșnică pentru o lume veșnic în schimbare,12,222,0
0188,B2_022,Aristide Doroftei,Crezul apostolilor,1,127,0
0189,B2_023,Nicu Butoi,Lui Dumnezeu Îi plac întrebările,14,359,0
0190,B2_024,Eugene Prewitt,Sapă mai adânc - Investigație asupra integrității temeliei noastre profetice,1,288,0
0191,B2_025,Benone Burtescu,Abecedând prorociile - Predica de pe cruce,1,264,0
0192,B2_026,"Lucian Cristescu, Florin Ghețu","Evoluționismul la bară, mărturii din culise",166,166,0
0193,B2_027,Virgil Dumitrescu,"După căderea cortinei, sfârșitul?",9,258,0
0194,B2_028,George Vandeman,Ruleta psihică,176,176,176
0195,B2_029,Kurt Hasel,Vraja superstiției - povară și eliberare,1,136,0
0196,B2_030,Karl Haffner,Experiența nu este o condiție,1,142,0
0197,B2_031,Randy Maxwell,Tabără de instruire pentru zilele din urmă,21,120,0
0198,B2_032,Doug Batchelor,Cel mai bogat om din peșteră,206,206,0
0199,B2_033,Doug Batchelor,Cine crezi că ești?,174,174,0
0200,B2_034,Doug Batchelor,Iată-mă! Trimite-mă!,174,174,0
0201,B2_035,Licinius Chiriac,Tasta de urgență,151,151,0
0202,B2_036,Benone Corneliu Lupu,Valdenzii - Lux Lucet In Tenebris,86,210,0
0203,B2_037,Gary Gibbs,O mărturie care cucerește - Metode dinamice de a-ți împărtăși credința,144,144,0
0204,B2_038,Melody Mason,Îndrăznește să ceri mai mult!,42,300,0
0205,B2_039,Doug Batchelor,La picioarele lui Isus,175,175,0
0206,B2_040,G. Edward Reid,În vremea „duminicală”!,1,248,0
0207,B2_041,Herb Montgomery,Tatăl meu cel adevărat,236,236,0
0208,B2_042,Elida Oncea,Fețe din profil,74,252,0
0209,B2_043,Nicușor Ghițescu,Naufragiați în credință,120,120,0
0210,B2_044,Nicușor Ghițescu,"Capcane, capcane...",1,112,0
0211,B2_045,Nicușor Ghițescu,Pregătirea pentru furtună,1,112,0
0212,B2_046,Nicușor Ghițescu,Metodologie misionară,1,120,0
0213,B2_047,Nicușor Ghițescu,Coroana vieții,78,78,0
0214,B2_048,"Nathan Brown, Joanna Darby",Manifest,6,320,0
0215,B2_049,Ben Carson,Mâini înzestrate,192,192,191
0216,B2_050,Ben Carson,Gândește cutezător,245,245,0
0217,B2_051,Ben Carson,Și tu ai creier,1,284,0
0218,B2_052,Ben Carson,Asumă-ți riscul,303,303,0
0219,B2_053,Sally Pierson Dillon,Andrei întreabă de ce?,8,167,0
0220,B2_054,Ellen G. White,Provocarea viitorului,1,160,0
0221,B2_055,Ellen G. White,Îndrumarea copilului,1,446,0
0222,B2_056,Jacques B. Doukhan,Enigmele Bibliei - Cartea profetică Apocalipsa,1,216,0
0223,B2_057,Institute in Basic Life Principles,Puterea pentru un Succes Autentic - Cum să-ți construiești caracterul în viață,50,190,0
0224,B3_001,Gheorghe Modoran,Biserica prin pustiul roșu - vol. 2,19,640,0
0225,B3_002,Meade MacGuire,Crucea Domnului Hristos și crucea mea,22,96,0
0226,B3_003,Roy Allan Anderson,Fiul lui Dumnezeu și Fiul Omului,14,185,0
0227,B3_004,Joe Crews,Cochetând cu dușmanul,32,94,0
0228,B3_005,Zoltan Boldischar,Chiar dacă se va nărui cerul,114,114,0
0229,B3_006,Mark Finley,Treisprezece zile pentru o viață nouă,1,134,0
0230,B3_007,Roger Morneau,O călătorie în supranatural,301,301,301
0231,B3_008,Lucian Cristescu,Scapă la munte,34,426,0
0232,B3_009,Lucian Cristescu,Degeaba cântă cucuveaua,278,278,0
0233,B3_010,Lucian Cristescu,Mâine e o nouă zi,414,414,0
0234,B3_011,Lucian Cristescu,Nu e târziu niciodată,5,510,0
0235,B3_012,Lucian Cristescu,Începe să trăiești,224,224,0
0236,B3_013,Charles Haddon Spurgeon,Sfaturi pentru predicatori,0,422,0
0237,B3_014,Charles Haddon Spurgeon,Predici cu har,0,181,0
0238,B3_015,Fenelon,Calea regală a crucii,114,114,0
0239,B3_016,Alcyon Ruth Fleck,Scăpat din necazuri,10,184,0
0240,B3_017,Viorica Truța,Biruința Cuvântului,96,96,0
0241,B3_018,Pop Ioan,Despre patima beției,64,64,0
0242,B3_019,J. Maurer Vulvară,"Uimitoare revelații despre trecutul, prezentul și viitorul lumii",1,224,0
0243,B3_020,Diverși Viață și Sănătate,Religie și libertate,1,72,0
0244,B3_021,William Josiah Sutton,Mișcarea Noua Eră șu Iluminații,326,326,326
0245,B3_022,C. S. Lewis,Despre minuni. Cele 4 iubiri. Problema durerii,1,484,0
0246,B3_023,C. S. Lewis,Creștinismul redus la esențe,6,155,0
0247,B3_024,Societatea Misionară Română,Marcu - Ghid al învățătorului pentru studierea Evangheliei după Marcu,1,151,0
0248,B3_025,Josh McDowell,Mărturii care cer un verdict - Mărturii istorice în sprijinul credinței creștine,1,401,0
0249,B3_026,Josh McDowell,Mai mult decât un simplu tâmplar,120,120,120
0250,B3_027,"Josh McDowell, Bill Wilson",El a umblat printre noi,100,392,0
0251,B3_028,Norma R. Youngberg,Vrăjitorul din insula marelui sangir,1,111,0
0252,B3_029,Richard Wurmbrand,Cu Dumnezeu în subterană,296,296,0
0253,B3_030,Richard Wurmbrand,Dovezi ale existenței lui Dumnezeu,15,212,0
0254,B3_031,Richard Wurmbrand,Strigătul bisericii prigonite,20,148,0
0255,B3_032,Richard Wurmbrand,Cele șapte cuvinte de pe cruce,10,352,0
0345,B3_033,Richard Wurmbrand,"Isus, prietenul teroriștilor",1,84,0
0346,B3_034,Richard Wurmbrand,Umpleți vidul!,1,221,0
0347,B3_035,Richard Wurmbrand,Îmbătat de dragoste,180,180,0
0348,B3_036,Sabina Wurmbrand,Noblețea suferinței,1,275,0
0349,B3_037,John Bunyan,Har din abundență pentru căpetenia păcătoșilor,1,129,0
0350,B3_038,John Bunyan,Războiul sfânt,112,240,0
0351,B3_039,John Bunyan,Întâmplările pelerinului în călătoria sa,292,292,0
0352,B3_040,Jean Calvin,Institutio Christianae Religionis - Învățătura religiei creștine - Vol 1,136,980,0
0353,B3_041,Jean Calvin,Institutio Christianae Religionis - Învățătura religiei creștine - Vol 2,1,916,0
0257,D1_001,Dr. Mary Ann McNeilus,Metoda lui Dumnezeu de vindecare,100,100,0
0258,D1_002,Robert Winston,Corpul uman enciclopedie - recorduri uimitoare ale corpului tău,10,210,0
0259,D1_003,Dr. Doru Laza,Manual edenic de medicină naturistă profilactică și terapeutică,300,1220,0
0260,D1_004,Paul „Coach” Wade,Antrenamentul condamnaților,330,330,0
0261,D1_005,Victoria Boutenko,12 pași către o alimentație raw,260,260,0
0262,D1_006,Dr. Daniel Boarim,Manual practic de tratamente naturiste,30,286,0
0263,D1_007,"Dr. T. Colin Campbell, Thomas M. Campbell II",Studiul China,500,500,30
0264,D1_008,Pasquale Lemmo,Sănătate pentru milioane,0,380,0
0265,D1_009,Mariana Ghezzo,Pentru ce atât de bolnavi?,30,336,0
0266,D1_010,Alfons Balbach,Tutunul și sănătatea,15,120,0
0267,D1_011,"Phylis Austin, Agatha Thrash, Calvin Thrash",Remedii naturale vol 1,0,200,0
0268,D1_012,Angela Poch,Rețete vegane fără gluten și cu un conținut redus de glucide fermentabile,0,128,0
0269,D1_013,Elena Oprița,Rețete pentru familia noastră,0,300,0
0270,D1_014,Valentin Nădășan,Viață din belșug,0,64,0
0271,D1_015,Dr. Emil Rădulescu,Ai grijă de inima ta,0,175,0
0272,D1_016,"Clarence Dail, M. D. / Charles Thomas, Ph. D.",Hidroterapie - tratamente simple pentru afecțiuni obișnuite,0,128,0
0273,D1_017,"Hans Deihl, Aileen Ludington",Tablete de stil de viață,0,222,0
0274,D1_018,Darren Morton,Trăiește mai activ!,10,188,0
0275,D1_019,Dr. Mark Cucuzzella,Aleargă ca să trăiești - bucuria și starea de bine prin mișcare,20,376,0
0276,D1_020,Mihaly Csikszentmihalyi,Flux în alergare,85,256,0
0277,D1_021,Marin Plopșoreanu,Dezvoltare fizică armonioasă,0,108,0
0278,D1_022,Constantin Neacșu,Ritmurile biologice,0,157,0
0279,D1_023,Florin Colonaș,Caria dentară - o problemă de actualitate,0,120,0
0280,D1_023,Dr. Mary Ann McNeilus,Cuvântul vindecător al lui Dumnezeu - restabilirea minții,50,206,0
0281,D1_024,"Dr. Agatha Thrash, dr. Calvin Thrash",Tratamente naturale pentru hipertensiune,0,181,0
0282,D1_025,"Dr. Agatha Thrash, dr. Calvin Thrash",Cancerul: prevenire și tratament,0,182,0
0283,D1_026,"Vasile Tomescu, Ion Gavrilă",Să cunoaștem și să prevenim principalele boli transmisibile de la animale la om,0,122,0
0284,D1_027,Valentin Nădășan,Față în față cu stresul,30,268,0
0285,D1_028,Dr. Emil Rădulescu,Ceva în plus despre surplus,0,144,0
0286,D1_029,"Dr. Agatha Thrash, dr. Calvin Thrash",Boli contractate prin intermediul animalelor,0,160,0
0287,D1_030,"Julian Melgosa, Michelson Borges",Puterea speranței,110,110,0
0288,D1_031,"Alfons Balbach, Daniel Boarim",Zarzavaturile în medicina naturistă,5,232,0
0289,D1_032,Daniela Picu,Să mâncăm sănătos,0,64,0
0290,D1_033,Narcisa și Valerian Răileanu,Sfaturi practice și rețete ovo-lacto-vegetariene,10,323,0
0291,D1_034,Mariana Ghezzo,"Hrana noastră, destinul nostru",20,336,0
0292,D1_035,Gabriela Dima,"Să gătim gustos, simplu și sănătos",6,260,0
0293,D1_036,Restaurantul Cris,Rețete vegetariene pentru fiecare gust,0,174,0
0294,D1_037,Restaurantul Cris,"Rețete vegetariene pentru fiecare gust, ed. 3",0,250,0
0295,D1_038,Dr. Doru Laza,Rețete din bucătăria edenică,0,290,0
0296,D1_039,John Hudson,Lecții de supraviețuire în condiții extreme,256,256,0
0297,D1_040,Dr. Leonard Azamfirei,E bine să știi!,0,300,0
0298,D1_042,Bear Grylls,Ghidul complet de explorare și supraviețuire Viața în sălbăticie,110,254,0
0299,D1_043,Atelier TM,Atelier - rețete culinare raw,10,20,0
0300,D1_044,Norel Iacob,În vremea distanțării - COVID-19 și întrebările pe care ni le-a provocat,15,192,0
0301,D1_045,Valentin Nădășan,Fitoterapie - tratamente cu plante medicinale,0,125,0
0302,D1_046,Jacques Larmat,Genetica inteligenței,180,180,0
0303,D1_047,Dr. Arcadie Percek,Relaxarea - gimnastica omului modern,0,100,0
0304,D1_048,"Joe Miller, Ozlem Tureci, Ugur Șahin",Vaccinul - Din culisele luptei pentru suprimarea pandemiei de COVID-19,74,390,0
0305,D1_049,Dr. Julian Melgosa,Fără stres,0,190,0
0410,E1_001,Andrei Oțetea,Istoria lumii în date,10,615,0
0411,E1_002,Horia C. Matei,Lumea antică - Mic dicționar biografic,0,200,0
0412,E1_003,Horia C. Matei,Civilizația lumii antice,0,560,0
0413,E1_004,"Georgeta Chițulescu, Traian Chițulescu",Șapte monumente celebre ale arhitecturii antice „Cele șapte minuni”,0,120,0
0414,E1_005,Irene Cordon I Sola-Sagales,Egiptul antic și civilizațiile mesopotamiene,40,144,0
0415,E1_006,Ion Miclea,Egiptul Faraonilor,150,150,0
0416,E1_007,Erc press,Egiptul antic - misterele unei mari civilizații,16,16,0
0417,E1_008,Al. Sorin,Egiptul,100,100,0
0418,E1_009,Pierre Monet,Egiptul pe vremea dinastiei Ramses,30,480,0
0419,E1_010,Faraonul Kheops și vrăjitorii,Povestirile Egiptului antic,0,330,0
0420,E1_011,Claire Lalouette,Civilizația Egiptului antic,0,290,0
0421,E1_012,Sun Tzu,Arta războiului,158,158,158
0422,E1_013,Pan V. Vandoros,Grecia cu zei și fără,0,220,0
0423,E1_014,Hans-Joachim Gehrke,Alexandru cel Mare,120,120,0
0424,E1_015,Mary Beard,SPQR - O istorie a Romei antice,70,540,0
0425,E1_016,Marcus Aurelius,Gânduri către sine însuși,185,185,0
0426,E1_017,Edward Gibbon,Istoria declinului și a prăbușirii Imperiului Roman vol. 1,5,240,0
0427,E1_018,Edward Gibbon,Istoria declinului și a prăbușirii Imperiului Roman vol. 2,0,280,0
0428,E1_019,Edward Gibbon,Istoria declinului și a prăbușirii Imperiului Roman vol. 3,0,270,0
0429,E1_020,I.M.Marinescu,Străini vestiți în luptele din Roma veche,0,170,0
0430,E1_021,Bernal Diaz Del Castillo,Adevărata istorie a cuceririi Noii Spanii Vol I,15,272,0
0431,E1_022,Bartolome Bennassar,Inchiziția spaniolă secolele XV-XIX,0,335,0
0432,E1_023,Pavel Nicoară,Inchiziția,0,68,0
0433,E1_024,Toby Green,Inchiziția - o istorie a terorii în secolele al XV-lea - al XVIII-lea,34,670,0
0434,E1_025,George Iaru,Băștinașii Australiei,0,170,0
0435,E1_026,Ion Vlăduțiu,Polinezienii,0,190,0
0436,E1_027,Gheorghe Eminescu,Napoleon Bonaparte,0,328,0
0437,E1_028,Napoleon,Memorii vol. I,9,310,0
0438,E1_029,Napoleon,Memorii vol. II,0,382,0
0439,E1_030,Gheorghe Al. Petrescu,Waterloo 1815,0,192,0
0440,E1_031,Serhii Plokhy,Porțile Europei - O istorie a Ucrainei,34,432,0
0441,E1_032,Catherine Belton,Oamenii lui Putin,735,735,0
0442,E1_033,Francoise Thom,Putin și putinismul,172,172,0
0443,E1_034,Horia C. Matei,Enigmele Terrei Vol 1,370,370,0
0444,E1_035,Horia C. Matei,Enigmele Terrei Vol 2,370,370,0
0445,E1_036,"F. Braunstein, J.F. Pepin",Ghid de cultură generală,50,365,0
0446,E1_037,DeAgostini,100 de personalități: 64 - Nicolaus Copernic,0,32,0
0447,E1_038,DeAgostini,100 de personalități: 6 - Chaplin,0,32,0
0448,E1_039,DeAgostini,100 de personalități: 73 - Charles M. Schulz,0,32,0
0449,E1_040,DeAgostini,100 de personalități: 14 - Che Guevara,0,32,0
0450,E1_041,DeAgostini,100 de personalități: 49 - Karl Marx,0,32,0
0451,E1_042,DeAgostini,100 de personalități: 79 - John Von Neuman,0,32,0
0452,E2_001,"Joe J. Heydecker, Johannes Leeb",Procesul de la Nurenberg Vol 1,0,340,0
0453,E2_002,"Joe J. Heydecker, Johannes Leeb",Procesul de la Nurenberg Vol 2,0,270,0
0454,E2_003,Dr. Nyiszli Miklos,Am fost medic la Auschwitz,232,232,0
0455,E2_004,Mihai Stoian,Îngerul Morții - Dr. Mengele,10,450,0
0456,E2_005,Thomas Keneally,Lista lui Schindler,0,432,0
0457,E2_006,Eva Mozes Kor and Lisa Rojany Buccieri,Surviving the Angel of Death - The Story of a Mengele Twin in Auschwitz,142,142,0
0458,E2_007,John Boyne,Băiatul cu pijamale în dungi,230,230,0
0459,E2_008,"Lidia Maksymowicz, Paolo Rodari",Eu sunt 70072 Fetița care a supraviețuit Îngerului Morții,160,160,0
0460,E2_009,Leon Leyson,Un băiat pe lista lui Schindler,240,240,0
0461,E2_010,Władysław Szpilman,Pianistul - amintiri din Varșovia,275,275,0
0462,E2_011,Anna Frank,Jurnalul Annei Frank,102,410,0
0463,E2_012,Mihail Drumeș,Povestiri despre cutezători,192,192,0
0464,E2_013,"Neagu Djuvara, Radu Oltean",Cum s-a născut poporul român,80,80,0
0465,E2_014,"Neagu Djuvara, Radu Oltean",Mircea cel Mare și luptele sale cu turcii,70,70,0
0466,E2_015,"Neagu Djuvara, Radu Oltean",De la Vlad Țepeș la Dracula Vampirul,100,100,0
0467,E2_016,Petru Cozma,Istoria prescurtată a românilor din cele mai vechi timpuri până în prezent,0,186,0
0468,E2_017,Eusebiu Camilar,Povestiri Eroice,0,222,0
0469,E2_018,Eusebiu Camilar,Povestiri Eroice,0,282,0
0470,E2_019,C. Negruzzi,Fragmente istorice,128,128,0
0471,E2_020,Colectiv,Balade istorice,0,170,0
0472,E2_021,Dimitrie Bolintineanu,Legende istorice,0,260,0
0473,E2_022,A.I. Odobescu,Scene istorice,62,62,0
0474,E2_023,Nicolae Iorga,Istoria lui Ștefan cel Mare,0,300,0
0475,E2_024,Mihail Sadoveanu,Viața lui Ștefan cel Mare,0,220,0
0476,E2_025,Nicolae Iorga,Istoria lui Mihai Viteazul,0,460,0
0477,E2_026,Alex Propersill,Ecaterina I,0,92,0
0478,E2_027,Gavril Cornuțiu,Tragedia și suferințele omului Mihai Eminescu - ultimii șase ani din viață,125,125,0
0479,E2_028,George Sanda,Veronica Micle - destinul unei mari iubiri,166,166,0
0480,E2_029,Tatiana Niculescu,Regina Maria - Ultima dorință,165,165,0
0481,E2_030,Tatiana Niculescu,"Regele și Duduia - Carol II și Elena Lupescu, dincolo de bârfe și clișee",0,240,0
0482,E2_031,Tatiana Niculescu,Mihai I - Ultimul rege al românilor,254,254,0
0483,E2_032,Dorian Marcu,Moartea Ceaușeștilor,128,128,0
0484,E2_033,Excelsior,Procesul Ceaușeștilor - stenograma integrală,0,96,0
0485,E2_034,Elena Bancila,"Trage, lașule!",96,96,0
0486,E2_035,Ion Mihai Pacepa,Cartea neagră a Securității,0,310,0
0487,E2_036,Cornel Armean,De ce a fost ucis? Ar fi împlinit 75 ani,0,170,0
0488,E2_037,Dumitru Mazilu,Revoluția Furată,10,320,0
0489,E2_038,Virgil Ierunca,Fenomenul Pitești,0,95,0
0490,E2_039,Ioan Chirilă,Nadia,20,185,0
0491,E2_040,Iharka Csillik,Ghidul eclipsei totale de soare 11 august 1999,0,55,0
0492,E2_041,Tibi Ușeriu,27 de pași,220,220,0
0493,E2_042,Teora,Limita posibilului,129,129,0
0494,E2_043,1982,Almanahul gospodinei 1982,10,360,0
0495,E4_001,Homer,Iliada,67,480,0
0496,E4_002,Homer,Odiseea,0,490,0
0497,E4_003,Virgiliu,Eneida,0,315,0
0498,E4_004,Colecție,"Maxime, sentințe și aforisme din Egiptul antic",100,100,0
0499,E4_005,Daniel Defoe,Robinson Crusoe,100,320,0
0500,E4_006,Robert Louis Stevenson,Comoara din insulă,50,264,0
0501,E4_007,Antoine De Saint-Exupery,Micul prinț,110,110,0
0502,E4_008,George Orwell,1984,344,344,344
0503,E4_009,George Orwell,Ferma animalelor,205,205,205
0504,E4_010,Ernest Heminway,Bătrânul și marea,175,175,0
0505,E4_011,F. M. Dostoievski,Hoțul cinstit - Povestiri,72,72,0
0506,E4_012,H. G. Wells,Mașina timpului (repovestit),0,168,0
0507,E4_013,Jack London,Colț Alb,224,224,0
0508,E4_014,Ion Creangă,Amintiri din copilărie,287,287,0
0509,E4_015,Gheorghe Mitrache,Scriitori români comentați: Ion Creangă,0,144,0
0510,E4_016,George Bacovia,Poezii,192,192,0
0511,E4_017,Ion Neculce,O samă de cuvinte,0,250,0
0512,E4_018,Dimitrie Bolintineanu,Poezii alese,0,432,0
0513,E4_019,Vasile Alecsandri,Porojan,88,88,0
0514,E4_020,Emil Gârleanu,Din lumea celor care nu cuvântă,0,110,0
0515,E4_021,Mircea Trifu,Epigramiști români de azi,0,275,0
0516,E4_022,Antologie,Epigramiști români de ieri și de azi,0,292,0
0517,E4_023,Giuseppe Navarra,Epigrame alese - Antologia Epigramei Românești,190,190,0
0518,E4_024,Cincinat Pavelescu,Epigrame,100,100,0
0519,E4_025,Eugen Frunză,Cele mai frumoase poezii,10,250,0
0520,E4_026,Eugen Frunză,Vorbe fără multă vorbă,0,100,0
0521,E4_027,Ioan Patriciu,"Ceață, atâta ceață",0,120,0
0522,E4_028,Miron Radu Paraschivescu,Poezii,0,246,0
0523,E4_029,Ana Blandiana,Poezii,5,240,0
0524,E4_030,Ion Pillat,Poezii,0,226,0
0525,E4_031,Al. Macedonski,Cele mai frumoase poezii,0,250,0
0526,E4_032,Octavian Goga,Poezii,0,380,0
0527,E4_033,Vasile Alecsandri,Poezii,0,128,0
0528,E4_034,Tudor Arghezi,Versuri lungi,0,160,0
0529,E4_035,Grigore Alexandrescu,Poezii,0,160,0
0530,E4_036,Adrian Păunescu,Pămîntul deocamdată,222,222,0
0531,E4_037,Titu Filipidescu,Partidă de scrimă... în ritmuri și rimă,70,70,0
0532,E4_038,George Mihăescu,Aventuri în continentul albastru,36,36,36
0533,E4_039,Ioan Gyuri Pascu,Purtătorul de cuvinte,100,100,0
0534,E4_040,Nikolai Nosov,Aventurile lui Habarnam și ale prietenilor săi,178,178,0
0535,E4_041,Aurel Nicolescu,Probleme de sintaxă a propoziției,0,176,0
0536,E4_042,"Valeria Botiș, Maria Vulișici Alexandrescu, Ioan Comănescu",Sintaxa propoziției,0,150,0
0537,E4_043,Constantin Noica,Cuvânt împreună despre rostirea românească,0,328,0
0538,E4_044,Alexandru Graur,Dicționar al greșelilor de limbă,80,80,0
0539,E4_045,Aurel Nicolescu,Analize gramaticale și stilistice,0,350,0
0540,E4_046,Academia Română,"Îndreptar ortografic, ortoepic și de punctuație",0,276,0
0541,E4_047,George V. Grigore,Vorbire - dicțiune sau rostirea cuvântului românesc,136,136,0
0542,E4_048,Dorin N. Uritescu,Greșeli de exprimare vol 1,0,296,0
0324,E5_001,Mihai Eminescu,Eminescu - Opere - Vol 1,750,750,0
0325,E5_002,Mihai Eminescu,Eminescu - Opere - Vol 2,10,720,0
0326,E5_003,Mihai Eminescu,Eminescu - Opere - Vol 3,0,620,0
0327,E5_004,Mihai Eminescu,Eminescu - Opere - Vol 4,0,620,0
0328,E5_005,Mihai Eminescu,Eminescu - Opere - Vol 5,0,700,0
0329,E5_006,Mihai Eminescu,Eminescu - Opere - Vol 6,0,700,0
0330,E5_007,Mihai Eminescu,Eminescu - Opere - Vol 7,0,700,0
0331,E5_008,Mihai Eminescu,Eminescu - Opere - Vol 8,0,700,0
0332,E5_009,Liviu Rebreanu,Pădurea spânzuraților,270,270,0
0333,E5_010,Liviu Rebreanu,Ion,470,470,0
0334,E5_011,Flavius Josephus,Antichități iudaice vol. I,50,597,0
0335,E5_012,Flavius Josephus,Antichități iudaice vol. II,0,653,0
0336,E5_013,Flavius Josephus,Istoria Războiului Iudeilor Împotriva Romanilor,0,580,0
0337,E5_014,Platon,Opera integrală - Vol 1,0,580,0
0338,E5_015,Platon,Banchetul și alte dialoguri,0,236,0
0339,E5_016,Platon,Dialoguri,0,160,0
0340,E5_017,Platon,Phaidon sau Despre suflet,0,235,0
0341,E5_018,Platon,Banchetul sau Despre iubire,0,190,0
0344,E5_019,Platon,Phaidros sau Despre frumos,170,170,0
0343,E5_020,Platon,Republica,0,336,0
0342,E5_021,Platon,Dialoguri socratice,345,345,0
0306,E6_001,Enciclopedia Britannica,Enciclopedia Universală Britannica vol 1,10,360,0
0307,E6_002,Enciclopedia Britannica,Enciclopedia Universală Britannica vol 2,10,360,0
0308,E6_003,Enciclopedia Britannica,Enciclopedia Universală Britannica vol 3,10,360,0
0309,E6_004,Enciclopedia Britannica,Enciclopedia Universală Britannica vol 4,0,360,0
0310,E6_005,Enciclopedia Britannica,Enciclopedia Universală Britannica vol 5,0,360,0
0311,E6_006,Enciclopedia Britannica,Enciclopedia Universală Britannica vol 6,0,360,0
0312,E6_007,Enciclopedia Britannica,Enciclopedia Universală Britannica vol 7,0,360,0
0313,E6_008,Enciclopedia Britannica,Enciclopedia Universală Britannica vol 8,0,360,0
0314,E6_009,Enciclopedia Britannica,Enciclopedia Universală Britannica vol 9,0,360,0
0315,E6_010,Enciclopedia Britannica,Enciclopedia Universală Britannica vol 10,0,360,0
0316,E6_011,Enciclopedia Britannica,Enciclopedia Universală Britannica vol 11,0,360,0
0317,E6_012,Enciclopedia Britannica,Enciclopedia Universală Britannica vol 12,0,360,0
0318,E6_013,Enciclopedia Britannica,Enciclopedia Universală Britannica vol 13,0,360,0
0319,E6_014,Enciclopedia Britannica,Enciclopedia Universală Britannica vol 14,0,360,0
0320,E6_015,Enciclopedia Britannica,Enciclopedia Universală Britannica vol 15,0,360,0
0321,E6_016,Enciclopedia Britannica,Enciclopedia Universală Britannica vol 16,0,360,0
0322,E6_017,Diverși,Enciclopedia Înțelepciunii,140,767,0
0323,E6_018,"Klaus Werner, Hans Weiss",Noua carte neagră a firmelor de marcă,0,448,0